Model,MAE,RMSE,R2 Score
Linear Regression,125.95656161082842,145.14822609487416,-0.0004004197991489544
Random Forest,127.099205,147.14743006573374,-0.02814830360644094
XGBoost,126.83826446533203,147.70742168853602,-0.035988688468933105
